function,concurrency-target-default,concurrency-target-percentage,requests-per-second-target-default,parameter_rows,parameter_columns,function_execution,iteration
chameleon,100,50,200,10,10,0.030918598175048828,0
chameleon,100,50,200,10,500,0.04152369499206543,0
chameleon,100,50,200,10,1000,0.05868244171142578,0
chameleon,100,50,200,10,2000,0.09100866317749023,0
chameleon,100,50,200,500,10,0.0395815372467041,0
chameleon,100,50,200,500,500,0.9989297389984131,0
chameleon,100,50,200,500,1000,2.0125019550323486,0
chameleon,100,50,200,500,2000,4.033655643463135,0
chameleon,100,50,200,1000,10,0.06706953048706055,0
chameleon,100,50,200,1000,500,1.9633917808532715,0
chameleon,100,50,200,1000,1000,3.9449527263641357,0
chameleon,100,50,200,1000,2000,7.999476909637451,0
chameleon,100,50,200,2000,10,0.10465264320373535,0
chameleon,100,50,200,2000,500,3.971771717071533,0
chameleon,100,50,200,2000,1000,8.035095930099487,0
chameleon,100,50,200,2000,2000,,0
