function,concurrency-target-default,concurrency-target-percentage,requests-per-second-target-default,parameter_n,function_execution,iteration
linpack,100,50,200,100,0.0003955364227294922,0
linpack,100,50,200,1000,0.034628868103027344,0
linpack,100,50,200,2000,0.15201401710510254,0
linpack,100,50,200,4000,1.1403298377990723,0
linpack,100,50,200,6000,3.622396230697632,0
