function,concurrency-target-default,concurrency-target-percentage,requests-per-second-target-default,parameter_length,parameter_niter,function_execution,iteration
pyaes,100,50,200,100,10,0.011695146560668945,0
pyaes,100,50,200,100,100,0.0953207015991211,0
pyaes,100,50,200,100,1000,0.9382317066192627,0
pyaes,100,50,200,1000,10,0.06760025024414062,0
pyaes,100,50,200,1000,100,0.7292916774749756,0
pyaes,100,50,200,1000,1000,6.930957078933716,0
pyaes,100,50,200,10000,10,0.7297389507293701,0
pyaes,100,50,200,10000,100,6.764192581176758,0
pyaes,100,50,200,10000,1000,66.71363186836243,0
pyaes,100,50,200,25000,10,1.7086906433105469,0
pyaes,100,50,200,25000,100,16.754535675048828,0
pyaes,100,50,200,25000,1000,166.54967403411865,0
